Age,Income,Student,Credit Score,Location,Buys Laptop
22.0,Low,Yes,580.0,Rural,No
25.0,High,No,700.0,Urban,Yes
30.0,High,Yes,650.0,Urban,No
28.0,Medium,Yes,720.0,Urban,Yes
35.0,High,No,760.0,Urban,Yes
21.0,Low,No,540.0,Rural,No
24.0,Medium,Yes,680.0,Urban,Yes
31.0,Low,No,600.0,Rural,No
27.0,High,Yes,790.0,Urban,Yes
40.0,Medium,No,710.0,Urban,Yes
23.0,Low,No,560.0,Rural,No
29.0,Medium,No,690.0,Urban,Yes
33.0,High,Yes,810.0,Urban,Yes
26.0,Low,Yes,620.0,Rural,No
38.0,Medium,Yes,730.0,Urban,Yes
45.0,High,No,780.0,Urban,Yes
20.0,Low,Yes,520.0,Rural,No
32.0,Medium,No,670.0,Rural,No
36.0,High,Yes,820.0,Urban,Yes
28.0,Low,No,610.0,Rural,No
34.0,Medium,Yes,750.0,Urban,Yes
42.0,Low,No,640.0,Rural,No
25.0,Medium,No,660.0,Urban,Yes
39.0,High,Yes,800.0,Urban,Yes
22.0,Low,No,570.0,Rural,No
30.0,Medium,Yes,740.0,Urban,Yes
41.0,High,No,770.0,Urban,Yes
24.0,Low,No,590.0,Rural,No
37.0,Medium,Yes,720.0,Urban,Yes
29.0,High,No,710.0,Urban,Yes
43.0,Low,No,630.0,Rural,No
27.0,Medium,Yes,700.0,Urban,Yes
35.0,High,No,740.0,Urban,Yes
23.0,Low,Yes,550.0,Rural,No
31.0,Medium,No,650.0,Rural,No
26.0,High,Yes,760.0,Urban,Yes
44.0,Medium,No,700.0,Urban,Yes
21.0,Low,No,530.0,Rural,No
33.0,High,Yes,780.0,Urban,Yes
28.0,Medium,No,680.0,Urban,Yes
40.0,Low,No,620.0,Rural,No
25.0,Medium,Yes,710.0,Urban,Yes
36.0,High,No,730.0,Urban,Yes
22.0,Low,Yes,600.0,Rural,No
30.0,Medium,No,640.0,Rural,No
39.0,High,Yes,790.0,Urban,Yes
27.0,Low,No,580.0,Rural,No
34.0,Medium,Yes,710.0,Urban,Yes
46.0,High,No,800.0,Urban,Yes
24.0,Low,No,550.0,Rural,No
32.0,Medium,Yes,730.0,Urban,Yes
29.0,Medium,No,,Urban,Yes
,Low,Yes,600.0,Rural,No
35.0,N/A,No,740.0,Urban,Yes
31.0,High,,760.0,Urban,Yes
26.0,Low,No,610.0,?,No
