CustomerID,Annual Income (k$),Spending Score (1-100)
1,59.6,50.1
2,92.1,87.3
3,77.3,78.9
4,61.1,22.8
5,44.6,46.0
6,69.9,31.0
7,87.7,98.6
8,59.9,20.2
9,109.0,31.6
10,36.8,45.3
11,44.1,81.1
12,33.1,73.0
13,63.2,71.9
14,15.0,88.1
15,67.2,44.7
16,30.4,24.4
17,96.6,77.6
18,15.0,73.1
19,17.9,17.1
20,15.0,78.6
21,80.6,19.8
22,19.4,27.4
23,42.7,36.8
24,56.3,38.5
25,17.8,80.5
26,29.3,13.3
27,73.8,28.9
28,34.5,9.1
29,15.2,69.8
30,52.8,56.2
31,97.4,76.0
32,50.3,68.8
33,28.8,19.4
34,15.0,81.2
35,98.1,76.7
36,39.2,42.5
37,26.6,25.5
38,20.8,13.7
39,44.2,61.8
40,72.2,76.8
41,38.7,83.3
42,35.3,71.2
43,95.9,75.0
44,25.2,31.6
45,62.8,19.9
46,46.2,48.9
47,24.3,20.5
48,56.9,67.7
49,33.3,80.2
50,105.3,75.0
51,92.2,83.7
52,46.3,37.5
53,25.2,89.1
54,79.0,78.2
55,81.0,13.0
56,78.9,64.8
57,22.5,24.7
58,47.4,62.8
59,15.0,82.6
60,26.0,62.8
61,65.2,53.4
62,15.3,18.6
63,15.0,28.8
64,88.4,81.6
65,15.0,68.8
66,47.3,92.2
67,63.9,54.9
68,53.0,44.2
69,46.5,55.1
70,73.4,69.1
71,54.7,28.4
72,39.4,71.1
73,15.0,69.2
74,15.8,32.3
75,27.1,18.7
76,69.9,78.6
77,37.2,22.6
78,41.3,64.9
79,58.7,34.7
80,86.1,73.4
81,92.2,77.7
82,39.2,70.2
83,67.7,54.0
84,15.3,74.1
85,57.8,32.8
86,22.2,12.6
87,70.2,80.6
88,73.1,30.3
89,113.4,33.7
90,115.0,27.9
91,100.6,72.3
92,31.8,27.6
93,56.7,53.1
94,21.5,21.9
95,72.3,77.8
96,84.2,69.0
97,77.7,15.4
98,65.1,34.8
99,77.3,75.5
100,50.2,48.6
101,49.5,84.3
102,73.5,37.1
103,58.3,85.5
104,120.0,68.2
105,15.0,29.1
106,99.3,71.9
107,35.3,75.7
108,38.5,85.1
109,17.1,20.8
110,93.5,33.1
111,35.0,65.4
112,66.7,26.6
113,50.2,21.6
114,80.2,22.1
115,59.2,53.2
116,56.5,41.0
117,89.2,73.8
118,88.7,78.5
119,78.0,20.8
120,64.2,59.6
121,39.7,21.0
122,63.8,47.1
123,89.9,75.9
124,15.0,82.3
125,25.7,40.0
126,21.3,21.0
127,63.1,36.3
128,47.0,25.7
129,85.4,17.1
130,81.5,27.5
131,22.4,23.2
132,67.2,51.0
133,64.7,24.1
134,36.2,60.1
135,53.9,15.6
136,42.6,39.3
137,67.4,28.8
138,55.3,51.5
139,48.9,25.8
140,107.4,88.2
141,50.9,75.4
142,20.3,15.2
143,78.8,87.0
144,44.8,58.8
145,36.4,48.4
146,87.0,26.2
147,64.1,76.5
148,108.9,82.7
149,32.3,31.5
150,15.0,22.4
151,15.0,26.4
152,87.0,49.8
153,33.9,49.1
154,40.0,22.4
155,96.1,24.2
156,79.7,67.6
157,36.9,65.0
158,52.7,49.8
159,44.8,50.5
160,63.6,75.5
161,51.8,75.8
162,51.8,50.7
163,88.5,56.4
164,56.8,42.3
165,91.2,33.2
166,46.1,51.8
167,69.3,11.8
168,73.5,21.1
169,66.2,22.0
170,15.0,76.0
171,15.0,27.1
172,22.4,27.9
173,83.2,23.6
174,86.4,68.3
175,15.0,92.0
176,106.0,22.1
177,78.5,28.4
178,28.7,69.3
179,98.0,75.3
180,86.6,76.1
181,113.2,71.8
182,81.0,76.0
183,54.7,71.5
184,116.1,90.2
185,91.2,66.7
186,60.4,56.9
187,67.0,19.2
188,35.8,24.7
189,42.9,71.1
190,65.4,28.4
191,69.6,45.5
192,89.3,64.5
193,22.0,67.6
194,54.4,84.6
195,61.2,51.2
196,94.5,75.8
197,32.8,63.6
198,34.7,72.5
199,80.1,74.6
200,24.5,23.1
201,34.2,62.1
202,85.3,75.3
203,56.2,69.8
204,81.1,20.5
205,110.1,41.3
206,49.0,75.1
207,39.9,61.8
208,91.8,20.3
209,15.0,23.5
210,71.2,61.4
211,44.3,37.4
212,45.2,17.8
213,17.1,83.7
214,72.4,32.9
215,34.1,79.6
216,64.4,42.3
217,30.9,36.8
218,15.0,28.2
219,20.8,25.0
220,51.7,41.6
221,78.8,58.6
222,51.9,55.2
223,49.4,45.2
224,40.1,63.5
225,80.3,13.4
226,23.4,17.7
227,37.4,80.1
228,120.0,31.3
229,59.9,59.5
230,47.9,53.3
231,15.0,66.8
232,30.1,24.8
233,41.8,80.4
234,68.1,81.9
235,33.3,65.5
236,39.3,76.6
237,15.0,27.4
238,113.2,69.4
239,64.9,64.8
240,110.1,91.4
241,25.2,4.0
242,34.0,27.9
243,66.3,92.0
244,102.2,83.6
245,70.3,90.0
246,15.0,68.7
247,108.1,22.7
248,56.1,50.1
249,90.1,92.8
250,98.9,20.1
251,97.5,20.2
252,36.1,81.9
253,71.5,44.0
254,25.6,69.7
255,30.5,40.1
256,103.9,32.9
257,25.8,25.5
258,40.7,15.7
259,27.8,22.3
260,42.7,57.1
261,77.8,73.6
262,32.5,27.1
263,59.2,24.3
264,88.1,30.4
265,77.6,35.5
266,66.2,64.5
267,62.8,76.2
268,39.3,75.6
269,15.0,16.5
270,15.0,78.7
271,31.0,71.5
272,22.4,25.7
273,37.8,17.6
274,15.0,18.5
275,68.5,52.2
276,36.9,9.6
277,96.4,88.0
278,103.0,69.9
279,66.6,18.7
280,119.1,69.1
281,87.9,32.5
282,33.9,51.2
283,78.0,28.7
284,78.3,56.8
285,82.6,13.0
286,73.1,75.1
287,90.7,86.7
288,99.9,22.6
289,58.7,38.8
290,46.6,55.0
291,24.4,44.7
292,93.0,26.3
293,54.8,34.1
294,72.8,22.8
295,44.9,72.3
296,35.3,13.8
297,26.3,37.3
298,15.0,31.0
299,34.5,93.5
300,58.5,42.5
301,37.9,23.7
302,103.9,41.0
303,44.2,76.7
304,19.9,36.2
305,108.3,5.8
306,97.3,32.9
307,15.0,20.9
308,15.0,69.3
309,85.3,30.3
310,74.2,58.7
311,105.2,82.9
312,15.0,67.1
313,78.1,78.1
314,86.9,83.7
315,90.1,33.1
316,40.4,29.7
317,31.9,31.3
318,74.6,42.4
319,64.4,62.4
320,83.1,68.0
321,66.9,63.5
322,52.0,41.9
323,32.0,25.8
324,32.1,34.1
325,92.7,34.8
326,70.8,27.4
327,25.3,32.7
328,90.0,73.7
329,42.6,50.2
330,71.7,23.6
331,41.5,44.0
332,81.7,66.0
333,94.1,24.5
334,97.5,79.6
335,45.7,41.7
336,36.4,86.5
337,47.6,65.3
338,16.4,81.8
339,38.5,66.4
340,94.8,83.8
341,92.3,41.7
342,45.4,74.5
343,101.4,76.5
344,45.6,25.8
345,64.4,48.9
346,53.5,84.1
347,30.2,71.2
348,80.0,28.8
349,85.8,85.4
350,28.6,79.0
